run_id,generated_at,start,end,signal_threshold,reversal_threshold,tp_pct,sl_pct,rsi_oversold_max,rsi_overbought_min,vol_spike_ratio,min_score_edge,position_pct,trail_stop_enabled,total_trades,win_rate,realized_pnl,return_pct,max_drawdown_pct,total_fee,total_signals,avg_hold_hours,profit_factor
ca95227a633a,2026-06-04T15:31:29.742163+00:00,2024-06-01,2026-06-04,0.42,0.56,0.02,0.015,15,78,1.8,0.05,0.3,False,60,0.6,4984.187048612166,4.504356935365626,33.69024427297627,957.366457789374,1103,17.71,1.57
0c8e867bdedf,2026-06-04T21:06:33.300318+00:00,2024-06-01,2026-06-04,0.48,0.58,0.018,0.01,12,75,1.6,0.05,0.25,True,52,0.7115,4496.844071821234,24.000733234813907,33.15597516774218,837.911065976092,1115,11.07,2.18
236f6c84c92d,2026-06-04T12:48:21.232212+00:00,2024-06-01,2026-06-04,0.46,0.58,0.018,0.01,12,75,1.8,0.05,0.25,True,52,0.7115,4496.844071821234,24.000733234813907,33.15597516774218,837.911065976092,1115,11.07,2.18
39b5cf95e408,2026-06-04T12:58:00.544420+00:00,2024-06-01,2026-06-04,0.46,0.58,0.018,0.01,12,75,2.0,0.05,0.25,True,52,0.7115,4496.844071821234,24.000733234813907,33.15597516774218,837.911065976092,1115,11.07,2.18
816a1839dd5a,2026-06-04T21:17:34.208878+00:00,2024-06-01,2026-06-04,0.48,0.58,0.018,0.01,12,75,1.8,0.05,0.25,True,52,0.7115,4496.844071821234,24.000733234813907,33.15597516774218,837.911065976092,1115,11.07,2.18
9a6451feb6c4,2026-06-04T21:28:36.845891+00:00,2024-06-01,2026-06-04,0.48,0.58,0.018,0.01,12,75,2.0,0.05,0.25,True,52,0.7115,4496.844071821234,24.000733234813907,33.15597516774218,837.911065976092,1115,11.07,2.18
a6fb5fa69cec,2026-06-04T12:37:44.930473+00:00,2024-06-01,2026-06-04,0.46,0.58,0.018,0.01,12,75,1.6,0.05,0.25,True,52,0.7115,4496.844071821234,24.000733234813907,33.15597516774218,837.911065976092,1115,11.07,2.18
a73555d806ae,2026-06-04T13:06:54.245476+00:00,2024-06-01,2026-06-04,0.46,0.58,0.018,0.01,12,75,2.2,0.05,0.25,True,52,0.7115,4496.844071821234,24.000733234813907,33.15597516774218,837.911065976092,1115,11.07,2.18
dea2396fe278,2026-06-04T21:39:39.615297+00:00,2024-06-01,2026-06-04,0.48,0.58,0.018,0.01,12,75,2.2,0.05,0.25,True,52,0.7115,4496.844071821234,24.000733234813907,33.15597516774218,837.911065976092,1115,11.07,2.18
00bb225f03fb,2026-06-04T13:39:59.168389+00:00,2024-06-01,2026-06-04,0.46,0.58,0.018,0.01,12,75,2.0,0.05,0.25,False,42,0.5952,4462.55658239483,24.04641494845167,33.07091266302185,678.28092141333,1107,16.41,1.9
0dc96f5ca884,2026-06-04T13:17:33.968854+00:00,2024-06-01,2026-06-04,0.46,0.58,0.018,0.01,12,75,1.6,0.05,0.25,False,42,0.5952,4462.55658239483,24.04641494845167,33.07091266302185,678.28092141333,1107,16.41,1.9
2326521a90a7,2026-06-04T13:53:55.711464+00:00,2024-06-01,2026-06-04,0.46,0.58,0.018,0.01,12,75,2.2,0.05,0.25,False,42,0.5952,4462.55658239483,24.04641494845167,33.07091266302185,678.28092141333,1107,16.41,1.9
59ef26a27c17,2026-06-04T22:12:56.970524+00:00,2024-06-01,2026-06-04,0.48,0.58,0.018,0.01,12,75,2.0,0.05,0.25,False,42,0.5952,4462.55658239483,24.04641494845167,33.07091266302185,678.28092141333,1107,16.41,1.9
daca96d8e568,2026-06-04T21:50:42.218192+00:00,2024-06-01,2026-06-04,0.48,0.58,0.018,0.01,12,75,1.6,0.05,0.25,False,42,0.5952,4462.55658239483,24.04641494845167,33.07091266302185,678.28092141333,1107,16.41,1.9
e95e6522f80f,2026-06-04T13:28:15.278108+00:00,2024-06-01,2026-06-04,0.46,0.58,0.018,0.01,12,75,1.8,0.05,0.25,False,42,0.5952,4462.55658239483,24.04641494845167,33.07091266302185,678.28092141333,1107,16.41,1.9
ee3f74ed8c90,2026-06-04T22:24:04.302331+00:00,2024-06-01,2026-06-04,0.48,0.58,0.018,0.01,12,75,2.2,0.05,0.25,False,42,0.5952,4462.55658239483,24.04641494845167,33.07091266302185,678.28092141333,1107,16.41,1.9
fcd8eb9efebf,2026-06-04T22:01:44.180553+00:00,2024-06-01,2026-06-04,0.48,0.58,0.018,0.01,12,75,1.8,0.05,0.25,False,42,0.5952,4462.55658239483,24.04641494845167,33.07091266302185,678.28092141333,1107,16.41,1.9
0dd46ed77c9a,2026-06-04T15:12:05.623368+00:00,2024-06-01,2026-06-04,0.42,0.56,0.018,0.015,15,78,1.8,0.05,0.3,False,63,0.6032,4435.182943488648,3.931368283398666,33.76902228579088,1005.457110306334,1106,16.09,1.51
2fb4fcb0040a,2026-06-04T12:16:05.766301+00:00,2024-06-01,2026-06-04,0.46,0.58,0.015,0.01,12,75,2.0,0.05,0.25,False,47,0.617,4273.178906384834,23.81704562275743,33.15077490343271,758.13787168757,1112,12.51,1.82
68464fc8a27e,2026-06-04T20:55:30.663791+00:00,2024-06-01,2026-06-04,0.48,0.58,0.015,0.01,12,75,2.2,0.05,0.25,False,47,0.617,4273.178906384834,23.81704562275743,33.15077490343271,758.13787168757,1112,12.51,1.82
70c78415882c,2026-06-04T12:26:41.399932+00:00,2024-06-01,2026-06-04,0.46,0.58,0.015,0.01,12,75,2.2,0.05,0.25,False,47,0.617,4273.178906384834,23.81704562275743,33.15077490343271,758.13787168757,1112,12.51,1.82
8365f3613f75,2026-06-04T12:05:30.322271+00:00,2024-06-01,2026-06-04,0.46,0.58,0.015,0.01,12,75,1.8,0.05,0.25,False,47,0.617,4273.178906384834,23.81704562275743,33.15077490343271,758.13787168757,1112,12.51,1.82
b37942df9be3,2026-06-04T20:33:24.913199+00:00,2024-06-01,2026-06-04,0.48,0.58,0.015,0.01,12,75,1.8,0.05,0.25,False,47,0.617,4273.178906384834,23.81704562275743,33.15077490343271,758.13787168757,1112,12.51,1.82
b41744022924,2026-06-04T20:22:20.157468+00:00,2024-06-01,2026-06-04,0.48,0.58,0.015,0.01,12,75,1.6,0.05,0.25,False,47,0.617,4273.178906384834,23.81704562275743,33.15077490343271,758.13787168757,1112,12.51,1.82
e0fb23f08340,2026-06-04T11:54:54.467261+00:00,2024-06-01,2026-06-04,0.46,0.58,0.015,0.01,12,75,1.6,0.05,0.25,False,47,0.617,4273.178906384834,23.81704562275743,33.15077490343271,758.13787168757,1112,12.51,1.82
f5b474834302,2026-06-04T20:44:27.169983+00:00,2024-06-01,2026-06-04,0.48,0.58,0.015,0.01,12,75,2.0,0.05,0.25,False,47,0.617,4273.178906384834,23.81704562275743,33.15077490343271,758.13787168757,1112,12.51,1.82
c83b261c2a98,2026-06-04T12:08:28.616937+00:00,2024-06-01,2026-06-04,0.42,0.56,0.02,0.01,15,78,1.8,0.05,0.3,False,65,0.4923,4213.266812555312,3.693434075334708,33.399686145048,1038.163536595292,1108,14.5,1.53
dc4912453191,2026-06-04T21:02:21.956513+00:00,2024-06-01,2026-06-04,0.44,0.56,0.02,0.01,15,78,1.8,0.05,0.3,False,65,0.4923,4213.266812555312,3.693434075334708,33.399686145048,1038.163536595292,1108,14.5,1.53
178b533eced9,2026-06-04T16:29:09.461258+00:00,2024-06-01,2026-06-04,0.48,0.58,0.015,0.008,12,75,2.2,0.05,0.25,False,48,0.5625,4192.18061231094,23.72805953891237,33.24650955556416,773.713777167632,1113,11.03,1.93
1890eb5e205b,2026-06-04T08:03:25.300215+00:00,2024-06-01,2026-06-04,0.46,0.58,0.015,0.008,12,75,2.0,0.05,0.25,False,48,0.5625,4192.18061231094,23.72805953891237,33.24650955556416,773.713777167632,1113,11.03,1.93
1912588e57d9,2026-06-04T07:42:22.826001+00:00,2024-06-01,2026-06-04,0.46,0.58,0.015,0.008,12,75,1.6,0.05,0.25,False,48,0.5625,4192.18061231094,23.72805953891237,33.24650955556416,773.713777167632,1113,11.03,1.93
4f036a8dd61c,2026-06-04T16:07:04.814457+00:00,2024-06-01,2026-06-04,0.48,0.58,0.015,0.008,12,75,1.8,0.05,0.25,False,48,0.5625,4192.18061231094,23.72805953891237,33.24650955556416,773.713777167632,1113,11.03,1.93
6275a856ed17,2026-06-04T08:13:46.254618+00:00,2024-06-01,2026-06-04,0.46,0.58,0.015,0.008,12,75,2.2,0.05,0.25,False,48,0.5625,4192.18061231094,23.72805953891237,33.24650955556416,773.713777167632,1113,11.03,1.93
7d83a8d0564b,2026-06-04T07:53:04.638538+00:00,2024-06-01,2026-06-04,0.46,0.58,0.015,0.008,12,75,1.8,0.05,0.25,False,48,0.5625,4192.18061231094,23.72805953891237,33.24650955556416,773.713777167632,1113,11.03,1.93
da5659502012,2026-06-04T16:18:08.262633+00:00,2024-06-01,2026-06-04,0.48,0.58,0.015,0.008,12,75,2.0,0.05,0.25,False,48,0.5625,4192.18061231094,23.72805953891237,33.24650955556416,773.713777167632,1113,11.03,1.93
e05e927ac151,2026-06-04T15:57:07.796011+00:00,2024-06-01,2026-06-04,0.48,0.58,0.015,0.008,12,75,1.6,0.05,0.25,False,48,0.5625,4192.18061231094,23.72805953891237,33.24650955556416,773.713777167632,1113,11.03,1.93
26f32278cb9a,2026-06-04T09:37:13.761275+00:00,2024-06-01,2026-06-04,0.46,0.58,0.018,0.008,12,75,2.2,0.05,0.25,False,44,0.5227,4182.110316208476,23.74999132927415,33.1661654449772,709.912506075852,1109,14.24,1.94
3efe38f7ff11,2026-06-04T09:26:35.574497+00:00,2024-06-01,2026-06-04,0.46,0.58,0.018,0.008,12,75,2.0,0.05,0.25,False,44,0.5227,4182.110316208476,23.74999132927415,33.1661654449772,709.912506075852,1109,14.24,1.94
599b7ba2a54b,2026-06-04T17:24:37.972916+00:00,2024-06-01,2026-06-04,0.48,0.58,0.018,0.008,12,75,1.6,0.05,0.25,False,44,0.5227,4182.110316208476,23.74999132927415,33.1661654449772,709.912506075852,1109,14.24,1.94
63b453ef0550,2026-06-04T09:16:03.768621+00:00,2024-06-01,2026-06-04,0.46,0.58,0.018,0.008,12,75,1.8,0.05,0.25,False,44,0.5227,4182.110316208476,23.74999132927415,33.1661654449772,709.912506075852,1109,14.24,1.94
93aa09c8b29c,2026-06-04T09:05:40.229290+00:00,2024-06-01,2026-06-04,0.46,0.58,0.018,0.008,12,75,1.6,0.05,0.25,False,44,0.5227,4182.110316208476,23.74999132927415,33.1661654449772,709.912506075852,1109,14.24,1.94
9820d21f1d37,2026-06-04T17:35:41.719801+00:00,2024-06-01,2026-06-04,0.48,0.58,0.018,0.008,12,75,1.8,0.05,0.25,False,44,0.5227,4182.110316208476,23.74999132927415,33.1661654449772,709.912506075852,1109,14.24,1.94
a7821803cf20,2026-06-04T17:57:56.857863+00:00,2024-06-01,2026-06-04,0.48,0.58,0.018,0.008,12,75,2.2,0.05,0.25,False,44,0.5227,4182.110316208476,23.74999132927415,33.1661654449772,709.912506075852,1109,14.24,1.94
bfd519c153a6,2026-06-04T17:46:46.431850+00:00,2024-06-01,2026-06-04,0.48,0.58,0.018,0.008,12,75,2.0,0.05,0.25,False,44,0.5227,4182.110316208476,23.74999132927415,33.1661654449772,709.912506075852,1109,14.24,1.94
060cd42524e7,2026-06-04T19:49:06.393531+00:00,2024-06-01,2026-06-04,0.48,0.58,0.015,0.01,12,75,1.8,0.05,0.25,True,56,0.75,4162.055630957156,23.633981565530846,33.457547253899186,902.153912569156,1121,9.48,2.19
1ae09122fcaf,2026-06-04T20:00:10.012992+00:00,2024-06-01,2026-06-04,0.48,0.58,0.015,0.01,12,75,2.0,0.05,0.25,True,56,0.75,4162.055630957156,23.633981565530846,33.457547253899186,902.153912569156,1121,9.48,2.19
55fa3a261d09,2026-06-04T11:23:04.171716+00:00,2024-06-01,2026-06-04,0.46,0.58,0.015,0.01,12,75,1.8,0.05,0.25,True,56,0.75,4162.055630957156,23.633981565530846,33.457547253899186,902.153912569156,1121,9.48,2.19
76153b82013d,2026-06-04T11:44:17.816441+00:00,2024-06-01,2026-06-04,0.46,0.58,0.015,0.01,12,75,2.2,0.05,0.25,True,56,0.75,4162.055630957156,23.633981565530846,33.457547253899186,902.153912569156,1121,9.48,2.19
9d5a58bf2d5c,2026-06-04T20:11:15.069888+00:00,2024-06-01,2026-06-04,0.48,0.58,0.015,0.01,12,75,2.2,0.05,0.25,True,56,0.75,4162.055630957156,23.633981565530846,33.457547253899186,902.153912569156,1121,9.48,2.19
dc07d876298f,2026-06-04T11:33:41.198800+00:00,2024-06-01,2026-06-04,0.46,0.58,0.015,0.01,12,75,2.0,0.05,0.25,True,56,0.75,4162.055630957156,23.633981565530846,33.457547253899186,902.153912569156,1121,9.48,2.19
dc0807ba90c0,2026-06-04T11:12:27.976740+00:00,2024-06-01,2026-06-04,0.46,0.58,0.015,0.01,12,75,1.6,0.05,0.25,True,56,0.75,4162.055630957156,23.633981565530846,33.457547253899186,902.153912569156,1121,9.48,2.19
e4c350a83045,2026-06-04T19:38:00.869870+00:00,2024-06-01,2026-06-04,0.48,0.58,0.015,0.01,12,75,1.6,0.05,0.25,True,56,0.75,4162.055630957156,23.633981565530846,33.457547253899186,902.153912569156,1121,9.48,2.19
5b0bd4ba2b1c,2026-06-04T14:53:45.472897+00:00,2024-06-01,2026-06-04,0.42,0.56,0.015,0.015,15,78,1.8,0.05,0.3,False,68,0.6471,3927.603295312122,3.383790810525774,33.77853577205459,1086.067378939226,1111,13.69,1.45
6a20fbee8a3b,2026-06-04T11:47:00.727963+00:00,2024-06-01,2026-06-04,0.42,0.56,0.018,0.01,15,78,1.8,0.05,0.3,False,67,0.5075,3851.709348638456,3.31588808458641,33.47768745763379,1070.36779304859,1110,13.67,1.49
8f579365e7b5,2026-06-04T20:40:06.988607+00:00,2024-06-01,2026-06-04,0.44,0.56,0.018,0.01,15,78,1.8,0.05,0.3,False,67,0.5075,3851.709348638456,3.31588808458641,33.47768745763379,1070.36779304859,1110,13.67,1.49
29dc9bbda3b9,2026-06-04T13:58:38.006020+00:00,2024-06-01,2026-06-04,0.42,0.56,0.02,0.012,15,78,1.8,0.05,0.3,False,62,0.5323,3825.412773682122,3.329597189707302,33.50654264357738,989.952413797698,1105,15.73,1.44
6ebc6b1345d9,2026-06-04T13:32:59.714638+00:00,2024-06-01,2026-06-04,0.42,0.56,0.018,0.012,15,78,1.8,0.05,0.3,False,64,0.5469,3650.482234310874,3.138678123504612,33.58489110624692,1022.121589725388,1107,14.85,1.43
540386756f3c,2026-06-04T19:10:55.119006+00:00,2024-06-01,2026-06-04,0.44,0.56,0.02,0.008,15,78,1.8,0.05,0.3,False,66,0.4394,3508.125622967952,2.98030509597618,33.69630383654632,1053.89976272382,1109,13.43,1.45
ee653c1be785,2026-06-04T10:21:25.047522+00:00,2024-06-01,2026-06-04,0.42,0.56,0.02,0.008,15,78,1.8,0.05,0.3,False,66,0.4394,3508.125622967952,2.98030509597618,33.69630383654632,1053.89976272382,1109,13.43,1.45
2990657365be,2026-06-04T18:09:05.503070+00:00,2024-06-01,2026-06-04,0.48,0.58,0.012,0.01,12,75,1.6,0.05,0.25,True,60,0.8,3485.953817011668,22.92584724062897,33.58501557872489,966.525061781032,1126,7.87,2.15
29918314cbaa,2026-06-04T09:47:48.469416+00:00,2024-06-01,2026-06-04,0.46,0.58,0.012,0.01,12,75,1.6,0.05,0.25,True,60,0.8,3485.953817011668,22.92584724062897,33.58501557872489,966.525061781032,1126,7.87,2.15
2a354a221f2e,2026-06-04T09:58:23.470350+00:00,2024-06-01,2026-06-04,0.46,0.58,0.012,0.01,12,75,1.8,0.05,0.25,True,60,0.8,3485.953817011668,22.92584724062897,33.58501557872489,966.525061781032,1126,7.87,2.15
2c834f31b52b,2026-06-04T18:20:13.780280+00:00,2024-06-01,2026-06-04,0.48,0.58,0.012,0.01,12,75,1.8,0.05,0.25,True,60,0.8,3485.953817011668,22.92584724062897,33.58501557872489,966.525061781032,1126,7.87,2.15
96d031cae49b,2026-06-04T10:08:58.814453+00:00,2024-06-01,2026-06-04,0.46,0.58,0.012,0.01,12,75,2.0,0.05,0.25,True,60,0.8,3485.953817011668,22.92584724062897,33.58501557872489,966.525061781032,1126,7.87,2.15
99616ee2ee03,2026-06-04T18:42:32.898352+00:00,2024-06-01,2026-06-04,0.48,0.58,0.012,0.01,12,75,2.2,0.05,0.25,True,60,0.8,3485.953817011668,22.92584724062897,33.58501557872489,966.525061781032,1126,7.87,2.15
a2d5452b2040,2026-06-04T18:31:21.312272+00:00,2024-06-01,2026-06-04,0.48,0.58,0.012,0.01,12,75,2.0,0.05,0.25,True,60,0.8,3485.953817011668,22.92584724062897,33.58501557872489,966.525061781032,1126,7.87,2.15
a9a7bc1fe570,2026-06-04T10:19:33.626280+00:00,2024-06-01,2026-06-04,0.46,0.58,0.012,0.01,12,75,2.2,0.05,0.25,True,60,0.8,3485.953817011668,22.92584724062897,33.58501557872489,966.525061781032,1126,7.87,2.15
0f9bc17f0a73,2026-06-04T14:40:32.126307+00:00,2024-06-01,2026-06-04,0.48,0.58,0.012,0.008,12,75,1.6,0.05,0.25,False,53,0.6038,3400.95213116778,22.89685768728879,33.24501102197802,853.89116575621,1118,9.53,1.76
174933e5a9a1,2026-06-04T14:49:44.850680+00:00,2024-06-01,2026-06-04,0.48,0.58,0.012,0.008,12,75,1.8,0.05,0.25,False,53,0.6038,3400.95213116778,22.89685768728879,33.24501102197802,853.89116575621,1118,9.53,1.76
42daa8105958,2026-06-04T15:08:10.066967+00:00,2024-06-01,2026-06-04,0.48,0.58,0.012,0.008,12,75,2.2,0.05,0.25,False,53,0.6038,3400.95213116778,22.89685768728879,33.24501102197802,853.89116575621,1118,9.53,1.76
50c94f9397c5,2026-06-04T06:20:35.179502+00:00,2024-06-01,2026-06-04,0.46,0.58,0.012,0.008,12,75,1.6,0.05,0.25,False,53,0.6038,3400.95213116778,22.89685768728879,33.24501102197802,853.89116575621,1118,9.53,1.76
82d0106edbd2,2026-06-04T06:39:29.957327+00:00,2024-06-01,2026-06-04,0.46,0.58,0.012,0.008,12,75,2.0,0.05,0.25,False,53,0.6038,3400.95213116778,22.89685768728879,33.24501102197802,853.89116575621,1118,9.53,1.76
c16a5c425308,2026-06-04T14:58:53.819002+00:00,2024-06-01,2026-06-04,0.48,0.58,0.012,0.008,12,75,2.0,0.05,0.25,False,53,0.6038,3400.95213116778,22.89685768728879,33.24501102197802,853.89116575621,1118,9.53,1.76
f736e7b8fe84,2026-06-04T06:48:45.446230+00:00,2024-06-01,2026-06-04,0.46,0.58,0.012,0.008,12,75,2.2,0.05,0.25,False,53,0.6038,3400.95213116778,22.89685768728879,33.24501102197802,853.89116575621,1118,9.53,1.76
ffdf2b76ccb1,2026-06-04T06:29:52.731393+00:00,2024-06-01,2026-06-04,0.46,0.58,0.012,0.008,12,75,1.8,0.05,0.25,False,53,0.6038,3400.95213116778,22.89685768728879,33.24501102197802,853.89116575621,1118,9.53,1.76
05629eaece70,2026-06-04T08:35:21.882365+00:00,2024-06-01,2026-06-04,0.42,0.56,0.02,0.006,15,78,1.8,0.05,0.3,False,69,0.3913,3280.258949024142,2.728437801336234,33.78268766721487,1102.340918438766,1113,11.76,1.45
bc5851b30d5d,2026-06-04T17:19:00.853206+00:00,2024-06-01,2026-06-04,0.44,0.56,0.02,0.006,15,78,1.8,0.05,0.3,False,69,0.3913,3280.258949024142,2.728437801336234,33.78268766721487,1102.340918438766,1113,11.76,1.45
1170bd71cf81,2026-06-04T07:10:33.315520+00:00,2024-06-01,2026-06-04,0.46,0.58,0.015,0.008,12,75,1.8,0.05,0.25,True,59,0.678,3162.393000384248,22.61034703244117,33.67064254420091,950.058971258832,1125,7.78,1.8
25a929827782,2026-06-04T15:37:17.108589+00:00,2024-06-01,2026-06-04,0.48,0.58,0.015,0.008,12,75,2.0,0.05,0.25,True,59,0.678,3162.393000384248,22.61034703244117,33.67064254420091,950.058971258832,1125,7.78,1.8
57f8285bf8eb,2026-06-04T07:21:49.442350+00:00,2024-06-01,2026-06-04,0.46,0.58,0.015,0.008,12,75,2.0,0.05,0.25,True,59,0.678,3162.393000384248,22.61034703244117,33.67064254420091,950.058971258832,1125,7.78,1.8
749f63982daf,2026-06-04T15:26:54.993699+00:00,2024-06-01,2026-06-04,0.48,0.58,0.015,0.008,12,75,1.8,0.05,0.25,True,59,0.678,3162.393000384248,22.61034703244117,33.67064254420091,950.058971258832,1125,7.78,1.8
9e76d4ff51d4,2026-06-04T15:17:11.495462+00:00,2024-06-01,2026-06-04,0.48,0.58,0.015,0.008,12,75,1.6,0.05,0.25,True,59,0.678,3162.393000384248,22.61034703244117,33.67064254420091,950.058971258832,1125,7.78,1.8
b2273fa321e1,2026-06-04T15:46:54.369099+00:00,2024-06-01,2026-06-04,0.48,0.58,0.015,0.008,12,75,2.2,0.05,0.25,True,59,0.678,3162.393000384248,22.61034703244117,33.67064254420091,950.058971258832,1125,7.78,1.8
f064a0c55c39,2026-06-04T07:31:45.548116+00:00,2024-06-01,2026-06-04,0.46,0.58,0.015,0.008,12,75,2.2,0.05,0.25,True,59,0.678,3162.393000384248,22.61034703244117,33.67064254420091,950.058971258832,1125,7.78,1.8
fde5f21d396a,2026-06-04T06:59:58.584596+00:00,2024-06-01,2026-06-04,0.46,0.58,0.015,0.008,12,75,1.6,0.05,0.25,True,59,0.678,3162.393000384248,22.61034703244117,33.67064254420091,950.058971258832,1125,7.78,1.8
100b4c4dd951,2026-06-04T11:01:53.497914+00:00,2024-06-01,2026-06-04,0.46,0.58,0.012,0.01,12,75,2.2,0.05,0.25,False,52,0.6538,3161.970970828034,22.665864316720214,33.190773990914415,838.320297789788,1117,10.81,1.61
123bbab049df,2026-06-04T19:26:55.483481+00:00,2024-06-01,2026-06-04,0.48,0.58,0.012,0.01,12,75,2.2,0.05,0.25,False,52,0.6538,3161.970970828034,22.665864316720214,33.190773990914415,838.320297789788,1117,10.81,1.61
1ce064550282,2026-06-04T18:53:40.804371+00:00,2024-06-01,2026-06-04,0.48,0.58,0.012,0.01,12,75,1.6,0.05,0.25,False,52,0.6538,3161.970970828034,22.665864316720214,33.190773990914415,838.320297789788,1117,10.81,1.61
899c6ceda54e,2026-06-04T10:40:44.657655+00:00,2024-06-01,2026-06-04,0.46,0.58,0.012,0.01,12,75,1.8,0.05,0.25,False,52,0.6538,3161.970970828034,22.665864316720214,33.190773990914415,838.320297789788,1117,10.81,1.61
a588466ecb7f,2026-06-04T19:04:45.116584+00:00,2024-06-01,2026-06-04,0.48,0.58,0.012,0.01,12,75,1.8,0.05,0.25,False,52,0.6538,3161.970970828034,22.665864316720214,33.190773990914415,838.320297789788,1117,10.81,1.61
ad1499ad4a15,2026-06-04T10:51:20.439247+00:00,2024-06-01,2026-06-04,0.46,0.58,0.012,0.01,12,75,2.0,0.05,0.25,False,52,0.6538,3161.970970828034,22.665864316720214,33.190773990914415,838.320297789788,1117,10.81,1.61
bfcad296d1d9,2026-06-04T19:15:47.822755+00:00,2024-06-01,2026-06-04,0.48,0.58,0.012,0.01,12,75,2.0,0.05,0.25,False,52,0.6538,3161.970970828034,22.665864316720214,33.190773990914415,838.320297789788,1117,10.81,1.61
e75f0d9c98b5,2026-06-04T10:30:09.934894+00:00,2024-06-01,2026-06-04,0.46,0.58,0.012,0.01,12,75,1.6,0.05,0.25,False,52,0.6538,3161.970970828034,22.665864316720214,33.190773990914415,838.320297789788,1117,10.81,1.61
217dba6e45cf,2026-06-04T08:24:09.892599+00:00,2024-06-01,2026-06-04,0.46,0.58,0.018,0.008,12,75,1.6,0.05,0.25,True,55,0.6364,3093.110613837844,22.57302787431375,33.53159032819919,885.97768837125,1119,9.18,1.74
322adaf24135,2026-06-04T08:55:18.545931+00:00,2024-06-01,2026-06-04,0.46,0.58,0.018,0.008,12,75,2.2,0.05,0.25,True,55,0.6364,3093.110613837844,22.57302787431375,33.53159032819919,885.97768837125,1119,9.18,1.74
547a009e63fe,2026-06-04T08:44:57.025901+00:00,2024-06-01,2026-06-04,0.46,0.58,0.018,0.008,12,75,2.0,0.05,0.25,True,55,0.6364,3093.110613837844,22.57302787431375,33.53159032819919,885.97768837125,1119,9.18,1.74
7926d87a9ff4,2026-06-04T16:40:16.912895+00:00,2024-06-01,2026-06-04,0.48,0.58,0.018,0.008,12,75,1.6,0.05,0.25,True,55,0.6364,3093.110613837844,22.57302787431375,33.53159032819919,885.97768837125,1119,9.18,1.74
81fabb8e438f,2026-06-04T17:13:31.523309+00:00,2024-06-01,2026-06-04,0.48,0.58,0.018,0.008,12,75,2.2,0.05,0.25,True,55,0.6364,3093.110613837844,22.57302787431375,33.53159032819919,885.97768837125,1119,9.18,1.74
a406d6b4da92,2026-06-04T17:02:27.809320+00:00,2024-06-01,2026-06-04,0.48,0.58,0.018,0.008,12,75,2.0,0.05,0.25,True,55,0.6364,3093.110613837844,22.57302787431375,33.53159032819919,885.97768837125,1119,9.18,1.74
a44ecc5cc796,2026-06-04T08:34:35.185159+00:00,2024-06-01,2026-06-04,0.46,0.58,0.018,0.008,12,75,1.8,0.05,0.25,True,55,0.6364,3093.110613837844,22.57302787431375,33.53159032819919,885.97768837125,1119,9.18,1.74
c4c9e9976992,2026-06-04T16:51:21.770965+00:00,2024-06-01,2026-06-04,0.48,0.58,0.018,0.008,12,75,1.8,0.05,0.25,True,55,0.6364,3093.110613837844,22.57302787431375,33.53159032819919,885.97768837125,1119,9.18,1.74
ac675b20e47e,2026-06-04T11:25:32.563721+00:00,2024-06-01,2026-06-04,0.42,0.56,0.015,0.01,15,78,1.8,0.05,0.3,False,73,0.5342,2742.194562293126,2.158379453532714,33.738729956002324,1167.030186852286,1116,11.38,1.33
be6b08ac7bd9,2026-06-04T20:17:50.344608+00:00,2024-06-01,2026-06-04,0.44,0.56,0.015,0.01,15,78,1.8,0.05,0.3,False,73,0.5342,2742.194562293126,2.158379453532714,33.738729956002324,1167.030186852286,1116,11.38,1.33
c9f0af3e8447,2026-06-04T14:35:24.849327+00:00,2024-06-01,2026-06-04,0.42,0.56,0.012,0.015,15,78,1.8,0.05,0.3,False,70,0.6714,2674.579466523018,2.114792287907256,33.85831844470648,1118.036815332744,1113,11.95,1.32
3adb9fe97582,2026-06-04T14:03:48.325341+00:00,2024-06-01,2026-06-04,0.48,0.58,0.012,0.008,12,75,1.6,0.05,0.25,True,63,0.7302,2508.30484190487,21.924226363005403,33.91859551145782,1014.524293349598,1129,6.46,1.71
84299734e225,2026-06-04T14:31:21.603392+00:00,2024-06-01,2026-06-04,0.48,0.58,0.012,0.008,12,75,2.2,0.05,0.25,True,63,0.7302,2508.30484190487,21.924226363005403,33.91859551145782,1014.524293349598,1129,6.46,1.71
862bc47feb41,2026-06-04T14:12:59.332038+00:00,2024-06-01,2026-06-04,0.48,0.58,0.012,0.008,12,75,1.8,0.05,0.25,True,63,0.7302,2508.30484190487,21.924226363005403,33.91859551145782,1014.524293349598,1129,6.46,1.71
9e1e4de2d4b4,2026-06-04T06:11:52.822250+00:00,2024-06-01,2026-06-04,0.46,0.58,0.012,0.008,12,75,2.2,0.05,0.25,True,63,0.7302,2508.30484190487,21.924226363005403,33.91859551145782,1014.524293349598,1129,6.46,1.71
b9807ff9f347,2026-06-04T05:45:54.981790+00:00,2024-06-01,2026-06-04,0.46,0.58,0.012,0.008,12,75,1.6,0.05,0.25,True,63,0.7302,2508.30484190487,21.924226363005403,33.91859551145782,1014.524293349598,1129,6.46,1.71
ce7160531e0c,2026-06-04T05:54:38.156674+00:00,2024-06-01,2026-06-04,0.46,0.58,0.012,0.008,12,75,1.8,0.05,0.25,True,63,0.7302,2508.30484190487,21.924226363005403,33.91859551145782,1014.524293349598,1129,6.46,1.71
db53ff583163,2026-06-04T06:03:15.498124+00:00,2024-06-01,2026-06-04,0.46,0.58,0.012,0.008,12,75,2.0,0.05,0.25,True,63,0.7302,2508.30484190487,21.924226363005403,33.91859551145782,1014.524293349598,1129,6.46,1.71
fed57c2e55f6,2026-06-04T14:22:10.057765+00:00,2024-06-01,2026-06-04,0.48,0.58,0.012,0.008,12,75,2.0,0.05,0.25,True,63,0.7302,2508.30484190487,21.924226363005403,33.91859551145782,1014.524293349598,1129,6.46,1.71
1e4eb459e1e9,2026-06-04T19:33:18.323220+00:00,2024-06-01,2026-06-04,0.44,0.56,0.01,0.01,15,78,1.8,0.05,0.3,False,80,0.6375,2502.835474170748,1.86303302549613,33.724185173620896,1278.76952863887,1123,8.29,1.35
9281920a7143,2026-06-04T10:42:47.180465+00:00,2024-06-01,2026-06-04,0.42,0.56,0.01,0.01,15,78,1.8,0.05,0.3,False,80,0.6375,2502.835474170748,1.86303302549613,33.724185173620896,1278.76952863887,1123,8.29,1.35
13bd04417096,2026-06-04T10:00:01.859784+00:00,2024-06-01,2026-06-04,0.42,0.56,0.018,0.008,15,78,1.8,0.05,0.3,False,69,0.4348,2430.697118028606,1.878892044193392,33.91074486123778,1102.201700486608,1112,12.46,1.3
7c75a6a83552,2026-06-04T18:48:37.937258+00:00,2024-06-01,2026-06-04,0.44,0.56,0.018,0.008,15,78,1.8,0.05,0.3,False,69,0.4348,2430.697118028606,1.878892044193392,33.91074486123778,1102.201700486608,1112,12.46,1.3
ceedd1061643,2026-06-04T13:11:44.300729+00:00,2024-06-01,2026-06-04,0.42,0.56,0.015,0.012,15,78,1.8,0.05,0.3,False,70,0.5714,2395.737035043792,1.835939079529164,33.75585133377959,1118.802512070836,1113,12.37,1.27
d2d962d33bda,2026-06-04T22:09:08.745028+00:00,2024-06-01,2026-06-04,0.44,0.56,0.015,0.012,15,78,1.8,0.05,0.3,False,70,0.5714,2395.737035043792,1.835939079529164,33.75585133377959,1118.802512070836,1113,12.37,1.27
761c17b5e120,2026-06-04T14:17:02.896366+00:00,2024-06-01,2026-06-04,0.42,0.56,0.01,0.015,15,78,1.8,0.05,0.3,False,78,0.6923,2275.580063224546,1.65177473112636,33.85616446893404,1246.20709108364,1121,9.76,1.28
6b3a242dfda2,2026-06-04T16:56:42.663144+00:00,2024-06-01,2026-06-04,0.44,0.56,0.018,0.006,15,78,1.8,0.05,0.3,False,72,0.3889,2232.119537147046,1.656315103149114,33.93173046343859,1150.628624685886,1116,10.89,1.29
d236acb0698f,2026-06-04T08:14:19.267169+00:00,2024-06-01,2026-06-04,0.42,0.56,0.018,0.006,15,78,1.8,0.05,0.3,False,72,0.3889,2232.119537147046,1.656315103149114,33.93173046343859,1150.628624685886,1116,10.89,1.29
9c0fc8272339,2026-06-04T15:51:26.468274+00:00,2024-06-01,2026-06-04,0.44,0.56,0.01,0.006,15,78,1.8,0.05,0.3,False,85,0.5412,2078.318234733092,1.398545943067788,33.91164571389719,1358.903059072212,1129,6.32,1.31
ca8b1288bf54,2026-06-04T07:10:35.580060+00:00,2024-06-01,2026-06-04,0.42,0.56,0.01,0.006,15,78,1.8,0.05,0.3,False,85,0.5412,2078.318234733092,1.398545943067788,33.91164571389719,1358.903059072212,1129,6.32,1.31
9571169743d8,2026-06-04T20:06:41.775553+00:00,2024-06-01,2026-06-04,0.44,0.56,0.015,0.01,15,78,1.8,0.05,0.3,True,80,0.675,1981.483112448874,1.341694200838338,34.10154136253885,1279.427304026662,1123,8.45,1.31
e62ae4f45d69,2026-06-04T11:14:50.813069+00:00,2024-06-01,2026-06-04,0.42,0.56,0.015,0.01,15,78,1.8,0.05,0.3,True,80,0.675,1981.483112448874,1.341694200838338,34.10154136253885,1279.427304026662,1123,8.45,1.31
00e1fbb6b91f,2026-06-04T15:21:10.560759+00:00,2024-06-01,2026-06-04,0.42,0.56,0.02,0.015,15,78,1.8,0.05,0.3,True,73,0.6712,1912.958353328726,1.329158829453984,33.72790402649285,1166.431156506016,1116,11.69,1.24
7ca36ed0535f,2026-06-04T15:02:58.605281+00:00,2024-06-01,2026-06-04,0.42,0.56,0.018,0.015,15,78,1.8,0.05,0.3,True,77,0.7013,1866.398167279076,1.250588829779592,33.877547533212386,1230.470277970408,1120,10.63,1.24
17ba0e81933c,2026-06-04T07:53:26.971438+00:00,2024-06-01,2026-06-04,0.42,0.56,0.015,0.006,15,78,1.8,0.05,0.3,False,77,0.4286,1846.527229776252,1.230724971081954,33.84988131123649,1231.306132723046,1121,9.21,1.24
332910a16f38,2026-06-04T16:34:21.949832+00:00,2024-06-01,2026-06-04,0.44,0.56,0.015,0.006,15,78,1.8,0.05,0.3,False,77,0.4286,1846.527229776252,1.230724971081954,33.84988131123649,1231.306132723046,1121,9.21,1.24
0ee7db2aa9fe,2026-06-04T00:31:55.962043+00:00,2024-06-01,2026-06-04,0.48,0.62,0.012,0.008,12,75,2.0,0.05,,,33,0.697,1816.803371914818,11.64498548721576,18.045084711148256,266.58012620924,1144,8.57,2.7
260224aa3734,2026-06-04T00:23:15.648027+00:00,2024-06-01,2026-06-04,0.48,0.62,0.012,0.008,12,75,1.8,0.05,,,33,0.697,1816.803371914818,11.64498548721576,18.045084711148256,266.58012620924,1144,8.57,2.7
d1eaf5b1fdda,2026-06-04T00:13:49.998625+00:00,2024-06-01,2026-06-04,0.48,0.62,0.012,0.008,12,75,1.6,0.05,,,33,0.697,1816.803371914818,11.64498548721576,18.045084711148256,266.58012620924,1144,8.57,2.7
c1baea5c2288,2026-06-04T14:44:34.422197+00:00,2024-06-01,2026-06-04,0.42,0.56,0.015,0.015,15,78,1.8,0.05,0.3,True,78,0.7308,1790.02380808456,1.166232013050456,34.22850296271596,1247.008566199544,1121,9.76,1.25
2e7bfe7a3eaa,2026-06-04T12:51:37.737756+00:00,2024-06-01,2026-06-04,0.42,0.56,0.012,0.012,15,78,1.8,0.05,0.3,False,72,0.6111,1785.421882247814,1.209649232903772,34.20107484125825,1150.514967786228,1115,10.96,1.21
fc6eccd31c13,2026-06-04T21:46:52.500124+00:00,2024-06-01,2026-06-04,0.44,0.56,0.012,0.012,15,78,1.8,0.05,0.3,False,72,0.6111,1785.421882247814,1.209649232903772,34.20107484125825,1150.514967786228,1115,10.96,1.21
10081f7b5ded,2026-06-04T18:26:08.834015+00:00,2024-06-01,2026-06-04,0.44,0.56,0.015,0.008,15,78,1.8,0.05,0.3,False,74,0.473,1780.980813512316,1.189177914980736,34.16356781113092,1182.868801049264,1117,10.54,1.21
b7b9a58887c4,2026-06-04T09:38:37.234478+00:00,2024-06-01,2026-06-04,0.42,0.56,0.015,0.008,15,78,1.8,0.05,0.3,False,74,0.473,1780.980813512316,1.189177914980736,34.16356781113092,1182.868801049264,1117,10.54,1.21
4b212744fa42,2026-06-04T19:55:32.050186+00:00,2024-06-01,2026-06-04,0.44,0.56,0.012,0.01,15,78,1.8,0.05,0.3,False,75,0.5733,1764.476911228736,1.16468710863891,33.79040024264438,1198.88954480609,1118,9.83,1.22
c11b5bbb82d8,2026-06-04T11:04:08.908492+00:00,2024-06-01,2026-06-04,0.42,0.56,0.012,0.01,15,78,1.8,0.05,0.3,False,75,0.5733,1764.476911228736,1.16468710863891,33.79040024264438,1198.88954480609,1118,9.83,1.22
76908e5817ea,2026-06-04T19:44:25.419486+00:00,2024-06-01,2026-06-04,0.44,0.56,0.012,0.01,15,78,1.8,0.05,0.3,True,84,0.7143,1700.720666725082,1.02892276508781,34.073838277292424,1343.40012089719,1128,6.39,1.31
9e78f1dd71f5,2026-06-04T10:53:27.988657+00:00,2024-06-01,2026-06-04,0.42,0.56,0.012,0.01,15,78,1.8,0.05,0.3,True,84,0.7143,1700.720666725082,1.02892276508781,34.073838277292424,1343.40012089719,1128,6.39,1.31
48fe64f59f58,2026-06-04T07:31:58.124931+00:00,2024-06-01,2026-06-04,0.42,0.56,0.012,0.006,15,78,1.8,0.05,0.3,False,79,0.481,1668.25915393428,1.036482201410568,33.90015191761677,1262.968741799432,1123,7.85,1.23
d6d3e800bc28,2026-06-04T16:12:05.843328+00:00,2024-06-01,2026-06-04,0.44,0.56,0.012,0.006,15,78,1.8,0.05,0.3,False,79,0.481,1668.25915393428,1.036482201410568,33.90015191761677,1262.968741799432,1123,7.85,1.23
4d43b4e8faeb,2026-06-04T21:24:37.766647+00:00,2024-06-01,2026-06-04,0.44,0.56,0.01,0.012,15,78,1.8,0.05,0.3,False,79,0.6456,1632.705303921988,1.000910521107522,34.27324744854889,1262.871612577478,1122,8.9,1.2
dab3cdf656b5,2026-06-04T12:29:58.845111+00:00,2024-06-01,2026-06-04,0.42,0.56,0.01,0.012,15,78,1.8,0.05,0.3,False,79,0.6456,1632.705303921988,1.000910521107522,34.27324744854889,1262.871612577478,1122,8.9,1.2
2e33a61b5dab,2026-06-04T11:57:43.756272+00:00,2024-06-01,2026-06-04,0.42,0.56,0.02,0.01,15,78,1.8,0.05,0.3,True,76,0.6053,1535.398028255192,0.927605367792018,34.32425511605581,1214.950580842982,1119,10.03,1.21
49429a6b2795,2026-06-04T20:51:14.231717+00:00,2024-06-01,2026-06-04,0.44,0.56,0.02,0.01,15,78,1.8,0.05,0.3,True,76,0.6053,1535.398028255192,0.927605367792018,34.32425511605581,1214.950580842982,1119,10.03,1.21
7c873609df17,2026-06-04T20:28:59.167529+00:00,2024-06-01,2026-06-04,0.44,0.56,0.018,0.01,15,78,1.8,0.05,0.3,True,79,0.6456,1513.972521597008,0.882166067521092,34.18420028556408,1263.168205068908,1122,9.13,1.22
89d46fc0a744,2026-06-04T11:36:17.026275+00:00,2024-06-01,2026-06-04,0.42,0.56,0.018,0.01,15,78,1.8,0.05,0.3,True,79,0.6456,1513.972521597008,0.882166067521092,34.18420028556408,1263.168205068908,1122,9.13,1.22
46d250c32812,2026-06-04T14:26:14.851918+00:00,2024-06-01,2026-06-04,0.42,0.56,0.012,0.015,15,78,1.8,0.05,0.3,True,82,0.7683,1498.581474415736,0.842780689354896,34.089738581580335,1311.090152205104,1126,7.45,1.25
84878445720f,2026-06-04T08:56:16.423942+00:00,2024-06-01,2026-06-04,0.42,0.56,0.01,0.008,15,78,1.8,0.05,0.3,False,82,0.5732,1445.041787547272,0.789268856044686,34.41644100693431,1310.692728610314,1125,7.46,1.19
d508c7181da6,2026-06-04T17:41:21.053089+00:00,2024-06-01,2026-06-04,0.44,0.56,0.01,0.008,15,78,1.8,0.05,0.3,False,82,0.5732,1445.041787547272,0.789268856044686,34.41644100693431,1310.692728610314,1125,7.46,1.19
041da1419dfa,2026-06-04T19:22:05.554763+00:00,2024-06-01,2026-06-04,0.44,0.56,0.01,0.01,15,78,1.8,0.05,0.3,True,84,0.7024,1302.198668778054,0.630402861812922,34.16101263997979,1343.460371062078,1128,5.56,1.26
5519d94d5396,2026-06-04T10:32:06.875301+00:00,2024-06-01,2026-06-04,0.42,0.56,0.01,0.01,15,78,1.8,0.05,0.3,True,84,0.7024,1302.198668778054,0.630402861812922,34.16101263997979,1343.460371062078,1128,5.56,1.26
2c9b4c91b36a,2026-06-04T18:14:57.738558+00:00,2024-06-01,2026-06-04,0.44,0.56,0.015,0.008,15,78,1.8,0.05,0.3,True,81,0.6296,1281.290682107768,0.633513980726064,34.46414979315987,1295.122423283936,1124,7.77,1.2
40581e75f938,2026-06-04T09:27:52.805542+00:00,2024-06-01,2026-06-04,0.42,0.56,0.015,0.008,15,78,1.8,0.05,0.3,True,81,0.6296,1281.290682107768,0.633513980726064,34.46414979315987,1295.122423283936,1124,7.77,1.2
27b1430e5aad,2026-06-04T08:24:49.236115+00:00,2024-06-01,2026-06-04,0.42,0.56,0.02,0.006,15,78,1.8,0.05,0.3,True,82,0.5122,1179.914130081474,0.524161037956596,34.49201152133449,1310.911588273404,1126,7.75,1.17
f67134977812,2026-06-04T17:07:52.044629+00:00,2024-06-01,2026-06-04,0.44,0.56,0.02,0.006,15,78,1.8,0.05,0.3,True,82,0.5122,1179.914130081474,0.524161037956596,34.49201152133449,1310.911588273404,1126,7.75,1.17
abd184cf188b,2026-06-04T13:02:00.197165+00:00,2024-06-01,2026-06-04,0.42,0.56,0.015,0.012,15,78,1.8,0.05,0.3,True,79,0.6835,1111.293282629986,0.479512036879602,34.507122183735426,1263.568952215398,1122,8.91,1.16
b582aabb35e3,2026-06-04T21:57:56.732074+00:00,2024-06-01,2026-06-04,0.44,0.56,0.015,0.012,15,78,1.8,0.05,0.3,True,79,0.6835,1111.293282629986,0.479512036879602,34.507122183735426,1263.568952215398,1122,8.91,1.16
028c46efcd07,2026-06-04T17:30:11.889023+00:00,2024-06-01,2026-06-04,0.44,0.56,0.01,0.008,15,78,1.8,0.05,0.3,True,87,0.6667,1078.18152710374,0.38243033136084,34.08917332186125,1390.99688470916,1131,4.89,1.21
f9824b606bf8,2026-06-04T08:45:47.318757+00:00,2024-06-01,2026-06-04,0.42,0.56,0.01,0.008,15,78,1.8,0.05,0.3,True,87,0.6667,1078.18152710374,0.38243033136084,34.08917332186125,1390.99688470916,1131,4.89,1.21
bfe3e5d7d1fa,2026-06-04T12:41:00.306133+00:00,2024-06-01,2026-06-04,0.42,0.56,0.012,0.012,15,78,1.8,0.05,0.3,True,83,0.7229,993.547469939222,0.329757234162102,34.4614183774629,1327.581087392898,1127,6.77,1.16
d8e1f03c9ca0,2026-06-04T21:35:43.374538+00:00,2024-06-01,2026-06-04,0.44,0.56,0.012,0.012,15,78,1.8,0.05,0.3,True,83,0.7229,993.547469939222,0.329757234162102,34.4614183774629,1327.581087392898,1127,6.77,1.16
1791d2c9bd59,2026-06-04T13:22:20.199597+00:00,2024-06-01,2026-06-04,0.42,0.56,0.018,0.012,15,78,1.8,0.05,0.3,True,78,0.6538,989.999265630158,0.366200477414394,34.331987649421556,1247.171422000606,1121,9.74,1.13
af2eb2f8b67f,2026-06-04T22:20:25.413627+00:00,2024-06-01,2026-06-04,0.44,0.56,0.018,0.012,15,78,1.8,0.05,0.3,True,78,0.6538,989.999265630158,0.366200477414394,34.331987649421556,1247.171422000606,1121,9.74,1.13
51bdc057f613,2026-06-04T13:46:08.439271+00:00,2024-06-01,2026-06-04,0.42,0.56,0.02,0.012,15,78,1.8,0.05,0.3,True,75,0.6133,970.86299733149,0.371078002728468,34.5431300658334,1198.930475601532,1118,10.68,1.12
63a757955838,2026-06-04T09:17:11.008965+00:00,2024-06-01,2026-06-04,0.42,0.56,0.012,0.008,15,78,1.8,0.05,0.3,False,76,0.5132,944.048911769058,0.336271319408064,34.44847131133165,1214.794770311936,1119,9.05,1.12
dbcc7d4bbd66,2026-06-04T18:03:45.576895+00:00,2024-06-01,2026-06-04,0.44,0.56,0.012,0.008,15,78,1.8,0.05,0.3,False,76,0.5132,944.048911769058,0.336271319408064,34.44847131133165,1214.794770311936,1119,9.05,1.12
e8725c2392de,2026-06-04T14:07:50.798930+00:00,2024-06-01,2026-06-04,0.42,0.56,0.01,0.015,15,78,1.8,0.05,0.3,True,82,0.7195,840.00059201271,0.18420190162401,34.31835750574567,1311.25438433099,1126,6.47,1.16
3e29f1a45d78,2026-06-04T09:06:42.189019+00:00,2024-06-01,2026-06-04,0.42,0.56,0.012,0.008,15,78,1.8,0.05,0.3,True,86,0.6628,753.129724010364,0.065361339545124,34.46542794493894,1375.259329124876,1130,5.63,1.13
d3683bca9bea,2026-06-04T17:52:31.377027+00:00,2024-06-01,2026-06-04,0.44,0.56,0.012,0.008,15,78,1.8,0.05,0.3,True,86,0.6628,753.129724010364,0.065361339545124,34.46542794493894,1375.259329124876,1130,5.63,1.13
5abe53664711,2026-06-04T08:03:52.261242+00:00,2024-06-01,2026-06-04,0.42,0.56,0.018,0.006,15,78,1.8,0.05,0.3,True,84,0.5476,682.92130801515,0.011145010948548,34.54258979721321,1343.278653631452,1128,7.06,1.1
be9a567cbb52,2026-06-04T16:45:33.692796+00:00,2024-06-01,2026-06-04,0.44,0.56,0.018,0.006,15,78,1.8,0.05,0.3,True,84,0.5476,682.92130801515,0.011145010948548,34.54258979721321,1343.278653631452,1128,7.06,1.1
0a2a14f77797,2026-06-04T12:19:08.752992+00:00,2024-06-01,2026-06-04,0.42,0.56,0.01,0.012,15,78,1.8,0.05,0.3,True,83,0.6988,680.417242528188,0.016629101423208,34.51791534714027,1327.607194506792,1127,5.94,1.13
0cfff23a37e2,2026-06-04T21:13:30.369077+00:00,2024-06-01,2026-06-04,0.44,0.56,0.01,0.012,15,78,1.8,0.05,0.3,True,83,0.6988,680.417242528188,0.016629101423208,34.51791534714027,1327.607194506792,1127,5.94,1.13
b4e04dc70a65,2026-06-04T16:23:13.279785+00:00,2024-06-01,2026-06-04,0.44,0.56,0.015,0.006,15,78,1.8,0.05,0.3,True,85,0.5647,664.450580733464,-0.015308173867758,34.487533790210655,1359.463832442758,1129,6.54,1.1
be1135321d54,2026-06-04T07:42:40.958491+00:00,2024-06-01,2026-06-04,0.42,0.56,0.015,0.006,15,78,1.8,0.05,0.3,True,85,0.5647,664.450580733464,-0.015308173867758,34.487533790210655,1359.463832442758,1129,6.54,1.1
7ad9491eb348,2026-06-04T10:10:43.645032+00:00,2024-06-01,2026-06-04,0.42,0.56,0.02,0.008,15,78,1.8,0.05,0.3,True,78,0.5385,609.490821086982,-0.01427232220416,34.939871366999206,1246.69814422416,1121,9.11,1.08
a7fdccb46a6d,2026-06-04T18:59:48.496082+00:00,2024-06-01,2026-06-04,0.44,0.56,0.02,0.008,15,78,1.8,0.05,0.3,True,78,0.5385,609.490821086982,-0.01427232220416,34.939871366999206,1246.69814422416,1121,9.11,1.08
2bb97afae420,2026-06-04T06:59:54.764483+00:00,2024-06-01,2026-06-04,0.42,0.56,0.01,0.006,15,78,1.8,0.05,0.3,True,90,0.6111,596.959939992418,-0.1227906159132,34.03442405472548,1439.3394831032,1135,3.94,1.11
511d48a7c8b7,2026-06-04T15:41:11.184508+00:00,2024-06-01,2026-06-04,0.44,0.56,0.01,0.006,15,78,1.8,0.05,0.3,True,90,0.6111,596.959939992418,-0.1227906159132,34.03442405472548,1439.3394831032,1135,3.94,1.11
3da1daaf3e70,2026-06-04T16:01:09.074546+00:00,2024-06-01,2026-06-04,0.44,0.56,0.012,0.006,15,78,1.8,0.05,0.3,True,89,0.6067,315.41993184165,-0.396347812786308,34.373010781452926,1423.566920496308,1134,4.58,1.05
ce104fb0dbb3,2026-06-04T07:21:57.703085+00:00,2024-06-01,2026-06-04,0.42,0.56,0.012,0.006,15,78,1.8,0.05,0.3,True,89,0.6067,315.41993184165,-0.396347812786308,34.373010781452926,1423.566920496308,1134,4.58,1.05
110641f5f9a7,2026-06-04T18:37:26.379122+00:00,2024-06-01,2026-06-04,0.44,0.56,0.018,0.008,15,78,1.8,0.05,0.3,True,81,0.5802,264.589373282796,-0.383187563621088,34.94382806501862,1295.045107091088,1124,8.24,1.04
37b716a88b41,2026-06-04T09:49:18.640109+00:00,2024-06-01,2026-06-04,0.42,0.56,0.018,0.008,15,78,1.8,0.05,0.3,True,81,0.5802,264.589373282796,-0.383187563621088,34.94382806501862,1295.045107091088,1124,8.24,1.04
